{
    "size": [
        1024,
        815
    ],
    "top_left_lat": 29.565376,
    "top_left_lon": -95.082001,
    "bottom_right_lat": 29.564423,
    "bottom_right_lon": -95.080691
}